run_id,date,restore_s,build_s,unit_and_integration_tests_s,lint_s,security_scan_s,secret_scan_s,e2e_s,total_s
r1,2026-10-05,42,58,190,25,70,35,210,630
r2,2026-10-06,44,55,205,24,68,36,225,657
r3,2026-10-07,41,60,198,26,72,34,215,646
r4,2026-10-08,45,57,212,25,69,35,230,673
r5,2026-10-09,43,59,201,27,71,33,218,652
r6,2026-10-10,46,61,220,26,70,36,240,699
r7,2026-10-11,42,58,195,25,68,35,212,635
r8,2026-10-12,44,60,208,24,73,34,228,671
r9,2026-10-13,43,59,203,26,70,35,222,658
r10,2026-10-14,45,61,215,25,72,36,235,689
